{"cameraMode":{"drawMode":0,"name":"Shaded","section":"Shading Mode"},"sceneLighting":true,"audioPlay":false,"sceneViewState":{"m_AlwaysRefresh":false,"showFog":true,"showSkybox":true,"showFlares":true,"showImageEffects":true,"showParticleSystems":true,"showVisualEffectGraphs":true,"m_FxEnabled":true},"in2DMode":false,"pivot":{"x":-1.8310679197311402,"y":2.4187164306640627,"z":63.774654388427737},"rotation":{"x":0.1823129951953888,"y":0.07072319090366364,"z":-0.013161302544176579,"w":0.9805885553359985},"size":76.06787872314453,"orthographic":false}