{"cameraMode":{"drawMode":0,"name":"Shaded","section":"Shading Mode"},"sceneLighting":false,"audioPlay":false,"sceneViewState":{"m_AlwaysRefresh":false,"showFog":true,"showSkybox":true,"showFlares":true,"showImageEffects":true,"showParticleSystems":true,"showVisualEffectGraphs":true,"m_FxEnabled":true},"in2DMode":false,"pivot":{"x":-0.43880271911621096,"y":0.19891023635864259,"z":0.8780522346496582},"rotation":{"x":0.06500954180955887,"y":-0.7594867944717407,"z":0.07682369649410248,"w":0.6426882147789002},"size":14.989436149597168,"orthographic":false}